{
  "winner": "xgb",
  "metrics": {
    "rmsle": 0.13821624372762137,
    "mae_usd": 16495.507130244012,
    "r2": 0.8934674474849089
  },
  "comparison": {
    "rf": {
      "rmsle": 0.1439061177953021,
      "mae_usd": 16812.790380072413,
      "r2": 0.88548543389891,
      "cv_rmsle": 0.14028080755850109,
      "best_params": {
        "max_depth": null,
        "max_features": 0.5,
        "n_estimators": 500
      }
    },
    "xgb": {
      "rmsle": 0.13821624372762137,
      "mae_usd": 16495.507130244012,
      "r2": 0.8934674474849089,
      "cv_rmsle": 0.12517958463747192,
      "best_params": {
        "colsample_bytree": 0.7,
        "learning_rate": 0.1,
        "max_depth": 4,
        "n_estimators": 800
      }
    }
  }
}